dataset,true_algo,pred_algo,true_best_accuracy,pred_accuracy,pred_confidence,random_mean_accuracy,cnn_regret,random_regret,match,algo_match
breast_cancer,LogisticRegression,SVM,0.9860000000000001,0.9719999999999999,1.0,0.9722,0.014000000000000234,0.013800000000000145,False,False
glass,RandomForest,SVM,0.7900332225913622,0.6966777408637873,0.9840511679649353,0.7142524916943522,0.09335548172757491,0.07578073089700998,False,False
